CREATE DATABASE sgss_rd;
USE sgss_rd;
CREATE TABLE patients (
patient_id INT PRIMARY KEY AUTO_INCREMENT,
patient_name VARCHAR(50) NOT NULL,
age INT NOT NULL,
gender VARCHAR(10) NOT NULL,
country VARCHAR(50) NOT NULL
);
CREATE TABLE tissue_samples (
sample_id INT PRIMARY KEY AUTO_INCREMENT,
patient_id INT NOT NULL,
organ_name VARCHAR(50) NOT NULL,
sample_date DATE NOT NULL,
sample_method VARCHAR(20) NOT NULL,
FOREIGN KEY (patient_id) REFERENCES patients(patient_id)
);
CREATE TABLE mosaic_variants (
variant_id INT PRIMARY KEY AUTO_INCREMENT,
sample_id INT NOT NULL,
gene_name VARCHAR (30) NOT NULL,
mutation_type VARCHAR(20) NOT NULL,
vaf_percent DECIMAL(5,2) NOT NULL,
is_harmful VARCHAR(10) NOT NULL,
FOREIGN KEY (sample_id) REFERENCES tissue_samples(sample_id)
);
CREATE TABLE disease_diagnosis (
diagnosis_id INT PRIMARY KEY AUTO_INCREMENT,
patient_id INT NOT NULL,
disease_name VARCHAR(100) NOT NULL,
diagnosis_date DATE NOT NULL,
how_confirmed VARCHAR(20) NOT NULL,
years_to_diagnose INT NOT NULL,
FOREIGN KEY (patient_id) REFERENCES patients(patient_id)
);
CREATE TABLE surveillance_log (
log_id INT PRIMARY KEY AUTO_INCREMENT,
patient_id INT NOT NULL,
variant_id INT NOT NULL,
check_date DATE NOT NULL,
vaf_recorded DECIMAL(5,2) NOT NULL,
vaf_change DECIMAL(5,2) NOT NULL,
alert VARCHAR(5) NOT NULL,
FOREIGN KEY (patient_id)  REFERENCES patients(patient_id),
FOREIGN KEY (variant_id)  REFERENCES mosaic_variants(variant_id)
);
INSERT INTO patients (patient_name, age, gender, country) VALUES
('John Smith', 28, 'Male', 'USA'),
('Sarah Johnson', 35, 'Female', 'USA'),
('Michael Chen', 42, 'Male', 'USA'),
('Emily Davis', 19, 'Female', 'USA'),
('David Wilson', 53, 'Male', 'USA'),
('Lisa Brown', 31, 'Female', 'USA'),
('Robert Taylor', 27, 'Male', 'USA'),
('Jennifer Anderson', 44, 'Female', 'USA'),
('James Miller', 36, 'Male', 'USA'),
('Amanda White', 22, 'Female', 'USA'),
('Pierre Dubois', 39, 'Male', 'France'),
('Marie Leclerc', 26, 'Female', 'France'),
('Luc Martin', 48, 'Male', 'France'),
('Sophie Bernard', 33, 'Female', 'France'),
('Jean Dupont', 29, 'Male', 'France'),
('Claire Roux', 41, 'Female', 'France'),
('Paul Durand', 25, 'Male', 'France'),
('Julie Petit', 37, 'Female', 'France'),
('Marc Leroy', 45, 'Male', 'France'),
('Nathalie Moreau', 30, 'Female', 'France'),
('Hans Müller', 34, 'Male', 'Germany'),
('Anna Schmidt', 28, 'Female', 'Germany'),
('Klaus Weber', 51, 'Male', 'Germany'),
('Sabine Fischer', 23, 'Female', 'Germany'),
('Thomas Wagner', 40, 'Male', 'Germany'),
('Monika Becker', 32, 'Female', 'Germany'),
('Stefan Hoffmann', 27, 'Male', 'Germany'),
('Susanne Schulz', 46, 'Female', 'Germany'),
('Andreas Meyer', 38, 'Male', 'Germany'),
('Katja Schneider', 24, 'Female', 'Germany'),
('Ahmed Khan', 31, 'Male', 'Pakistan'),
('Ayesha Malik', 29, 'Female', 'Pakistan'),
('Muhammad Ali', 43, 'Male', 'Pakistan'),
('Fatima Raza', 20, 'Female', 'Pakistan'),
('Bilal Ahmed', 35, 'Male', 'Pakistan'),
('Sana Iqbal', 33, 'Female', 'Pakistan'),
('Usman Shah', 26, 'Male', 'Pakistan'),
('Hina Khan', 39, 'Female', 'Pakistan'),
('Zain Butt', 47, 'Male', 'Pakistan'),
('Nida Hassan', 21, 'Female', 'Pakistan'),
('Raj Patel', 30, 'Male', 'India'),
('Priya Sharma', 27, 'Female', 'India'),
('Amit Kumar', 44, 'Male', 'India'),
('Neha Gupta', 25, 'Female', 'India'),
('Vikram Singh', 37, 'Male', 'India'),
('Ritu Verma', 32, 'Female', 'India'),
('Arjun Reddy', 28, 'Male', 'India'),
('Pooja Joshi', 41, 'Female', 'India'),
('Karan Mehra', 49, 'Male', 'India'),
('Divya Nair', 22, 'Female', 'India');
INSERT INTO tissue_samples (patient_id, organ_name, sample_date, sample_method) VALUES
(1, 'Brain', '2022-03-10', 'Biopsy'),
(2, 'Blood', '2021-07-15', 'Blood'),
(3, 'Skin', '2023-01-22', 'Biopsy'),
(4, 'Liver', '2022-11-05', 'Biopsy'),
(5, 'Heart', '2021-09-18', 'Biopsy'),
(6, 'Kidney', '2023-04-12', 'Biopsy'),
(7, 'Brain', '2022-06-20', 'Biopsy'),
(8, 'Blood', '2021-12-03', 'Blood'),
(9, 'Skin', '2023-02-14', 'Biopsy'),
(10, 'Muscle', '2022-08-27', 'Biopsy'),
(11, 'Brain', '2021-05-16', 'Biopsy'),
(12, 'Blood', '2022-10-09', 'Blood'),
(13, 'Eye', '2023-03-25', 'Biopsy'),
(14, 'Skin', '2022-01-30', 'Biopsy'),
(15, 'Liver', '2021-11-22', 'Biopsy'),
(16, 'Heart', '2023-05-07', 'Biopsy'),
(17, 'Kidney', '2022-07-14', 'Biopsy'),
(18, 'Brain', '2021-04-28', 'Biopsy'),
(19, 'Blood', '2023-06-11', 'Blood'),
(20, 'Skin', '2022-09-19', 'Biopsy'),
(21, 'Muscle', '2021-02-13', 'Biopsy'),
(22, 'Liver', '2023-01-08', 'Biopsy'),
(23, 'Heart', '2022-12-05', 'Biopsy'),
(24, 'Kidney', '2021-10-17', 'Biopsy'),
(25, 'Brain', '2023-04-22', 'Biopsy'),
(26, 'Blood', '2022-03-29', 'Blood'),
(27, 'Skin', '2021-08-14', 'Biopsy'),
(28, 'Eye', '2023-07-03', 'Biopsy'),
(29, 'Muscle', '2022-05-21', 'Biopsy'),
(30, 'Liver', '2021-12-16', 'Biopsy'),
(31, 'Brain', '2023-02-27', 'Biopsy'),
(32, 'Blood', '2022-04-10', 'Blood'),
(33, 'Skin', '2021-11-05', 'Biopsy'),
(34, 'Heart', '2023-06-18', 'Biopsy'),
(35, 'Kidney', '2022-01-23', 'Biopsy'),
(36, 'Liver', '2021-09-12', 'Biopsy'),
(37, 'Brain', '2023-05-30', 'Biopsy'),
(38, 'Blood', '2022-07-08', 'Blood'),
(39, 'Skin', '2021-03-15', 'Biopsy'),
(40, 'Muscle', '2023-08-22', 'Biopsy'),
(41, 'Eye', '2022-10-17', 'Biopsy'),
(42, 'Heart', '2021-06-04', 'Biopsy'),
(43, 'Kidney', '2023-03-11', 'Biopsy'),
(44, 'Liver', '2022-02-28', 'Biopsy'),
(45, 'Brain', '2021-12-19', 'Biopsy'),
(46, 'Blood', '2023-07-26', 'Blood'),
(47, 'Skin', '2022-05-13', 'Biopsy'),
(48, 'Muscle', '2021-10-30', 'Biopsy'),
(49, 'Eye', '2023-04-07', 'Biopsy'),
(50, 'Heart', '2022-08-24', 'Biopsy');
INSERT INTO mosaic_variants (sample_id, gene_name, mutation_type, vaf_percent, is_harmful) VALUES
(1, 'MTOR', 'SNV', 25.40, 'Yes'),
(2, 'HRAS', 'SNV', 12.80, 'Yes'),
(3, 'BRAF', 'SNV', 31.50, 'Yes'),
(4, 'PIK3CA', 'SNV', 18.20, 'Yes'),
(5, 'AKT1', 'SNV', 22.10, 'Yes'),
(6, 'MAP2K1', 'SNV', 15.90, 'Yes'),
(7, 'KRAS', 'SNV', 28.60, 'Yes'),
(8, 'NRAS', 'SNV', 11.30, 'Yes'),
(9, 'TP53', 'SNV', 34.70, 'Yes'),
(10, 'GNAS', 'SNV', 19.40, 'Yes'),
(11, 'PIK3R1', 'SNV', 26.80, 'Yes'),
(12, 'PTEN', 'DEL', 14.50, 'Yes'),
(13, 'GNAQ', 'SNV', 33.20, 'Yes'),
(14, 'TSC1', 'SNV', 17.90, 'Yes'),
(15, 'TSC2', 'SNV', 24.10, 'Yes'),
(16, 'CTNNB1', 'SNV', 20.70, 'Yes'),
(17, 'NF1', 'SNV', 13.40, 'Yes'),
(18, 'MTOR', 'SNV', 29.80, 'Yes'),
(19, 'HRAS', 'SNV', 16.20, 'Yes'),
(20, 'BRAF', 'SNV', 32.50, 'Yes'),
(21, 'PIK3CA', 'SNV', 21.30, 'Yes'),
(22, 'AKT1', 'SNV', 18.90, 'Yes'),
(23, 'MAP2K1', 'SNV', 27.40, 'Yes'),
(24, 'KRAS', 'SNV', 15.60, 'Yes'),
(25, 'NRAS', 'SNV', 30.10, 'Yes'),
(26, 'TP53', 'SNV', 23.70, 'Yes'),
(27, 'GNAS', 'SNV', 12.80, 'Yes'),
(28, 'GNAQ', 'SNV', 35.40, 'Yes'),
(29, 'TSC1', 'SNV', 19.20, 'Yes'),
(30, 'TSC2', 'SNV', 25.90, 'Yes'),
(31, 'CTNNB1', 'SNV', 17.50, 'Yes'),
(32, 'NF1', 'SNV', 31.80, 'Yes'),
(33, 'PIK3R1', 'SNV', 22.40, 'Yes'),
(34, 'PTEN', 'DEL', 14.70, 'Yes'),
(35, 'MTOR', 'SNV', 28.30, 'Yes'),
(36, 'HRAS', 'SNV', 20.10, 'Yes'),
(37, 'BRAF', 'SNV', 33.60, 'Yes'),
(38, 'PIK3CA', 'SNV', 16.80, 'Yes'),
(39, 'AKT1', 'SNV', 26.20, 'Yes'),
(40, 'MAP2K1', 'SNV', 18.40, 'Yes'),
(41, 'KRAS', 'SNV', 30.90, 'Yes'),
(42, 'NRAS', 'SNV', 13.70, 'Yes'),
(43, 'TP53', 'SNV', 24.50, 'Yes'),
(44, 'GNAS', 'SNV', 32.10, 'Yes'),
(45, 'GNAQ', 'SNV', 21.80, 'Yes'),
(46, 'TSC1', 'SNV', 15.30, 'Yes'),
(47, 'TSC2', 'SNV', 29.40, 'Yes'),
(48, 'CTNNB1', 'SNV', 19.60, 'Yes'),
(49, 'NF1', 'SNV', 27.20, 'Yes'),
(50, 'PIK3R1', 'SNV', 23.90, 'Yes');
INSERT INTO disease_diagnosis (patient_id, disease_name, diagnosis_date, how_confirmed, years_to_diagnose) VALUES
(1, 'Focal Cortical Dysplasia', '2022-04-01', 'Both', 3),
(2, 'Schimmelpenning Syndrome', '2021-08-20', 'Clinical', 5),
(3, 'Sturge-Weber Syndrome', '2023-02-10', 'Both', 2),
(4, 'Proteus Syndrome', '2022-12-15', 'Genetic', 4),
(5, 'Beckwith-Wiedemann Syndrome', '2021-10-25', 'Both', 1),
(6, 'Oculoectodermal Syndrome', '2023-05-20', 'Clinical', 6),
(7, 'Hemimegalencephaly', '2022-07-30', 'Both', 2),
(8, 'McCune-Albright Syndrome', '2022-01-15', 'Genetic', 3),
(9, 'Neurofibromatosis Type 1', '2023-03-20', 'Both', 4),
(10, 'Tuberous Sclerosis Complex', '2022-10-05', 'Genetic', 5),
(11, 'Focal Cortical Dysplasia', '2021-06-25', 'Both', 2),
(12, 'CLAPO Syndrome', '2023-01-18', 'Clinical', 3),
(13, 'Phakomatosis Pigmentovascularis', '2022-12-12', 'Both', 1),
(14, 'Epidermal Nevus Syndrome', '2021-03-10', 'Clinical', 7),
(15, 'TSC-associated Nodules', '2022-01-05', 'Genetic', 4),
(16, 'Megalencephaly-Capillary Malformation', '2023-06-15', 'Both', 2),
(17, 'NF1-associated Mosaicism', '2022-08-22', 'Genetic', 3),
(18, 'Focal Cortical Dysplasia Type II', '2021-05-28', 'Both', 5),
(19, 'PIK3CA-related Overgrowth', '2023-07-20', 'Genetic', 1),
(20, 'Linear Nevus Sebaceous Syndrome', '2022-11-25', 'Clinical', 6),
(21, 'Beckwith-Wiedemann Mosaic', '2021-03-18', 'Both', 2),
(22, 'Proteus-like Overgrowth', '2023-02-12', 'Genetic', 4),
(23, 'Sturge-Weber Variant', '2022-12-28', 'Both', 3),
(24, 'Olmsted Syndrome', '2021-11-22', 'Clinical', 8),
(25, 'Hemimegalencephaly Mosaic', '2023-05-30', 'Genetic', 2),
(26, 'McCune-Albright Mosaic', '2022-04-15', 'Both', 5),
(27, 'NF1 Segmental', '2021-09-20', 'Clinical', 3),
(28, 'Phakomatosis Cesioflava', '2023-08-10', 'Both', 1),
(29, 'TSC Skin Hamartomas', '2022-06-25', 'Genetic', 4),
(30, 'MCM Syndrome', '2021-01-30', 'Both', 6),
(31, 'FCD Type IIB', '2023-03-15', 'Genetic', 2),
(32, 'CLAPO Mosaic', '2022-05-08', 'Clinical', 3),
(33, 'PPV Type II', '2021-12-12', 'Both', 5),
(34, 'Nevus Comedonicus Syndrome', '2023-07-18', 'Clinical', 4),
(35, 'TSC Brain Hamartomas', '2022-02-22', 'Genetic', 1),
(36, 'PIK3CA Overgrowth Spectrum', '2021-10-05', 'Both', 7),
(37, 'Focal Dermal Hypoplasia', '2023-06-12', 'Genetic', 3),
(38, 'GNAQ Port-Wine Stain', '2022-08-15', 'Clinical', 2),
(39, 'Segmental NF1', '2021-04-28', 'Both', 6),
(40, 'Megalencephaly-Polymicrogyria', '2023-09-20', 'Genetic', 4),
(41, 'Sturge-Weber Mosaic', '2022-11-10', 'Both', 1),
(42, 'Proteus Syndrome Mosaic', '2021-07-22', 'Clinical', 5),
(43, 'TSC Renal Angiomyolipoma', '2023-04-15', 'Genetic', 3),
(44, 'BWS Overgrowth Mosaic', '2022-03-30', 'Both', 2),
(45, 'FCD MTOR-related', '2021-01-18', 'Genetic', 8),
(46, 'McCune-Albright Fibrous Dysplasia', '2023-08-25', 'Clinical', 4),
(47, 'Linear Porokeratosis', '2022-06-12', 'Both', 3),
(48, 'Mosaic PTEN Hamartoma', '2021-11-28', 'Genetic', 5),
(49, 'Phakomatosis Pigmentokeratotica', '2023-05-10', 'Clinical', 2),
(50, 'Oculoectodermal Mosaic', '2022-09-22', 'Both', 6);
INSERT INTO surveillance_log (patient_id, variant_id, check_date, vaf_recorded, vaf_change, alert) VALUES
(1,1,'2022-06-10',25.40,0.00,'No'),
(1,1,'2022-12-10',29.80,4.40,'No'),
(1,1,'2023-06-10',36.20,6.40,'Yes'),
(2,2,'2021-10-15',12.80,0.00,'No'),
(2,2,'2022-04-20',15.20,2.40,'No'),
(2,2,'2022-11-15',18.90,3.70,'Yes'),
(3,3,'2023-04-22',31.50,0.00,'No'),
(3,3,'2023-10-10',34.80,3.30,'No'),
(3,3,'2024-04-05',41.20,6.40,'Yes'),
(4,4,'2023-02-05',18.20,0.00,'No'),
(4,4,'2023-08-12',20.10,1.90,'No'),
(4,4,'2024-02-20',24.50,4.40,'Yes'),
(5,5,'2022-01-18',22.10,0.00,'No'),
(5,5,'2022-07-25',25.40,3.30,'No'),
(5,5,'2023-01-15',28.90,3.50,'Yes'),
(6,6,'2023-07-12',15.90,0.00,'No'),
(6,6,'2024-01-20',18.30,2.40,'No'),
(6,6,'2024-07-10',22.10,3.80,'Yes'),
(7,7,'2022-09-20',28.60,0.00,'No'),
(7,7,'2023-03-15',31.20,2.60,'No'),
(7,7,'2023-09-10',37.80,6.60,'Yes'),
(8,8,'2022-03-03',11.30,0.00,'No'),
(8,8,'2022-09-12',13.80,2.50,'No'),
(8,8,'2023-03-20',17.40,3.60,'Yes'),
(9,9,'2023-05-14',34.70,0.00,'No'),
(9,9,'2023-11-08',38.20,3.50,'No'),
(9,9,'2024-05-15',44.10,5.90,'Yes'),
(10,10,'2023-01-27',19.40,0.00,'No'),
(10,10,'2023-07-22',22.70,3.30,'No'),
(10,10,'2024-01-18',27.20,4.50,'Yes'),
(11,11,'2021-08-16',26.80,0.00,'No'),
(11,11,'2022-02-22',30.10,3.30,'No'),
(11,11,'2022-09-15',35.40,5.30,'Yes'),
(12,12,'2023-01-09',14.50,0.00,'No'),
(12,12,'2023-07-18',17.20,2.70,'No'),
(12,12,'2024-02-10',21.80,4.60,'Yes'),
(13,13,'2023-05-25',33.20,0.00,'No'),
(13,13,'2023-11-12',36.90,3.70,'No'),
(13,13,'2024-05-20',42.50,5.60,'Yes'),
(14,14,'2022-04-30',17.90,0.00,'No'),
(14,14,'2022-10-25',20.40,2.50,'No'),
(14,14,'2023-04-15',25.10,4.70,'Yes'),
(15,15,'2022-02-22',24.10,0.00,'No'),
(15,15,'2022-08-18',27.50,3.40,'No'),
(15,15,'2023-03-10',32.80,5.30,'Yes'),
(16,16,'2023-08-07',20.70,0.00,'No'),
(16,16,'2024-02-14',23.90,3.20,'No'),
(16,16,'2024-08-05',28.40,4.50,'Yes'),
(17,17,'2022-10-14',13.40,0.00,'No'),
(17,17,'2023-04-20',16.10,2.70,'No'),
(17,17,'2023-10-12',20.70,4.60,'Yes'),
(18,18,'2021-07-28',29.80,0.00,'No'),
(18,18,'2022-01-25',33.20,3.40,'No'),
(18,18,'2022-08-18',39.50,6.30,'Yes'),
(19,19,'2023-09-11',16.20,0.00,'No'),
(19,19,'2024-03-20',19.40,3.20,'No'),
(19,19,'2024-09-10',24.80,5.40,'Yes'),
(20,20,'2023-02-19',32.50,0.00,'No'),
(20,20,'2023-08-15',35.80,3.30,'No'),
(20,20,'2024-03-22',42.10,6.30,'Yes'),
(21,21,'2021-05-13',21.30,0.00,'No'),
(21,21,'2021-11-20',24.70,3.40,'No'),
(21,21,'2022-06-15',30.20,5.50,'Yes'),
(22,22,'2023-04-08',18.90,0.00,'No'),
(22,22,'2023-10-16',21.50,2.60,'No'),
(22,22,'2024-04-22',26.80,5.30,'Yes'),
(23,23,'2023-02-05',27.40,0.00,'No'),
(23,23,'2023-08-12',30.90,3.50,'No'),
(23,23,'2024-02-18',37.40,6.50,'Yes'),
(24,24,'2022-01-17',15.60,0.00,'No'),
(24,24,'2022-07-24',18.20,2.60,'No'),
(24,24,'2023-02-10',23.10,4.90,'Yes'),
(25,25,'2023-07-22',30.10,0.00,'No'),
(25,25,'2024-01-28',33.70,3.60,'No'),
(25,25,'2024-07-15',40.20,6.50,'Yes'),
(26,26,'2022-06-29',23.70,0.00,'No'),
(26,26,'2023-01-12',27.10,3.40,'No'),
(26,26,'2023-07-20',33.50,6.40,'Yes'),
(27,27,'2021-11-14',12.80,0.00,'No'),
(27,27,'2022-05-22',15.40,2.60,'No'),
(27,27,'2022-12-10',20.10,4.70,'Yes'),
(28,28,'2023-10-03',35.40,0.00,'No'),
(28,28,'2024-04-10',39.20,3.80,'No'),
(28,28,'2024-10-05',46.30,7.10,'Yes'),
(29,29,'2022-08-21',19.20,0.00,'No'),
(29,29,'2023-02-27',22.50,3.30,'No'),
(29,29,'2023-09-15',28.80,6.30,'Yes'),
(30,30,'2021-03-16',25.90,0.00,'No'),
(30,30,'2021-09-23',29.40,3.50,'No'),
(30,30,'2022-04-18',35.90,6.50,'Yes'),
(31,31,'2023-06-27',17.50,0.00,'No'),
(31,31,'2024-01-12',20.80,3.30,'No'),
(31,31,'2024-07-20',26.20,5.40,'Yes'),
(32,32,'2022-07-08',31.80,0.00,'No'),
(32,32,'2023-01-15',35.20,3.40,'No'),
(32,32,'2023-08-10',42.60,7.40,'Yes'),
(33,33,'2022-02-05',22.40,0.00,'No'),
(33,33,'2022-08-12',25.90,3.50,'No'),
(33,33,'2023-03-18',32.40,6.50,'Yes'),
(34,34,'2024-01-18',14.70,0.00,'No'),
(34,34,'2024-07-25',17.40,2.70,'No'),
(34,34,'2025-02-12',22.10,4.70,'Yes'),
(35,35,'2023-04-22',28.30,0.00,'No'),
(35,35,'2023-10-29',31.70,3.40,'No'),
(35,35,'2024-05-15',38.20,6.50,'Yes'),
(36,36,'2022-01-23',20.10,0.00,'No'),
(36,36,'2022-07-30',23.50,3.40,'No'),
(36,36,'2023-03-12',29.90,6.40,'Yes'),
(37,37,'2024-08-30',33.60,0.00,'No'),
(37,37,'2025-02-17',37.20,3.60,'No'),
(37,37,'2025-08-12',44.80,7.60,'Yes'),
(38,38,'2023-10-08',16.80,0.00,'No'),
(38,38,'2024-04-15',19.70,2.90,'No'),
(38,38,'2024-10-22',25.40,5.70,'Yes'),
(39,39,'2021-06-15',26.20,0.00,'No'),
(39,39,'2022-01-22',29.80,3.60,'No'),
(39,39,'2022-08-18',36.40,6.60,'Yes'),
(40,40,'2024-01-22',18.40,0.00,'No'),
(40,40,'2024-07-29',21.70,3.30,'No'),
(40,40,'2025-03-15',27.90,6.20,'Yes'),
(41,41,'2023-02-17',30.90,0.00,'No'),
(41,41,'2023-08-24',34.50,3.60,'No'),
(41,41,'2024-03-20',41.80,7.30,'Yes'),
(42,42,'2021-10-04',13.70,0.00,'No'),
(42,42,'2022-04-11',16.40,2.70,'No'),
(42,42,'2022-11-08',21.90,5.50,'Yes'),
(43,43,'2023-06-11',24.50,0.00,'No'),
(43,43,'2024-01-18',28.20,3.70,'No'),
(43,43,'2024-07-25',35.40,7.20,'Yes'),
(44,44,'2022-05-28',32.10,0.00,'No'),
(44,44,'2022-11-15',35.70,3.60,'No'),
(44,44,'2023-06-22',42.30,6.60,'Yes'),
(45,45,'2021-03-18',21.80,0.00,'No'),
(45,45,'2021-09-25',25.30,3.50,'No'),
(45,45,'2022-04-12',32.70,7.40,'Yes'),
(46,46,'2024-01-26',15.30,0.00,'No'),
(46,46,'2024-07-30',18.20,2.90,'No'),
(46,46,'2025-02-19',24.10,5.90,'Yes'),
(47,47,'2023-08-13',29.40,0.00,'No'),
(47,47,'2024-02-20',33.10,3.70,'No'),
(47,47,'2024-09-15',40.50,7.40,'Yes'),
(48,48,'2022-01-30',19.60,0.00,'No'),
(48,48,'2022-08-07',23.20,3.60,'No'),
(48,48,'2023-03-24',29.80,6.60,'Yes'),
(49,49,'2023-07-07',27.20,0.00,'No'),
(49,49,'2024-01-14',30.90,3.70,'No'),
(49,49,'2024-07-21',38.40,7.50,'Yes'),
(50,50,'2023-02-24',23.90,0.00,'No'),
(50,50,'2023-08-31',27.50,3.60,'No'),
(50,50,'2024-04-17',34.90,7.40,'Yes');
USE sgss_rd;
